Number,Name,Nationality,Date of Birth,Weight,Height,Position,2020/2021,2019/2020,2018/2019,2021/2022
1,Bernd Leno,Germany,04-03-92,83kg,190cm,Goalkeeper,Arsenal,Arsenal,Arsenal,Arsenal
20,Nuno Tavares,Portugal,26-01-00,75kg,183cm,Defender,,,,Arsenal
3,Kieran Tierney,Scotland,05-06-97,70kg,178cm,Defender,Arsenal,Arsenal,,Arsenal
32,Aaron Ramsdale,England,14-05-98,77kg,188cm,Goalkeeper,Sheffield Utd,Bournemouth,Bournemouth,Arsenal
33,Arthur Okonkwo,England,09-09-01,,198cm,Goalkeeper,Arsenal,,,Arsenal
16,Rob Holding,England,20-09-95,75kg,189cm,Defender,Arsenal,Arsenal,Arsenal,Arsenal
17,Cédric Soares,Portugal,31-08-91,67kg,172cm,Defender,Arsenal,Arsenal  (Loan) ,Southampton,Arsenal
6,Gabriel Magalhães,Brazil,19-12-97,78kg,190cm,Defender,Arsenal,,,Arsenal
4,Benjamin White,England,08-10-97,78kg,182cm,Defender,Brighton,Leeds  (Loan) ,Brighton,Arsenal
18,Takehiro Tomiyasu,Japan,05-11-98,70kg,188cm,Defender,,,,Arsenal
75,Zach Awe,England,09-01-04,,,Defender,,,,Arsenal
10,Emile Smith Rowe,England,28-07-00,79kg,182cm,Midfielder,Arsenal,Arsenal,Arsenal,Arsenal
61,Mazeed Ogungbo,Ireland,20-10-02,,,Defender,,,,Arsenal
25,Mohamed Elneny,Egypt,11-07-92,70kg,180cm,Midfielder,Arsenal,Arsenal,Arsenal,Arsenal
7,Bukayo Saka,England,05-09-01,65kg,178cm,Midfielder,Arsenal,Arsenal,Arsenal,Arsenal
69,Zak Swanson,England,28-09-00,,,Defender,,,,Arsenal
5,Thomas Partey,Ghana,13-06-93,77kg,185cm,Midfielder,Arsenal,,,Arsenal
34,Granit Xhaka,Switzerland,27-09-92,82kg,185cm,Midfielder,Arsenal,Arsenal,Arsenal,Arsenal
23,Albert Sambi Lokonga,Belgium,22-10-99,67kg,173cm,Midfielder,,,,Arsenal
8,Martin Ødegaard,Norway,17-12-98,68kg,178cm,Midfielder,Arsenal  (Loan) ,Arsenal  (Loan) ,,Arsenal
65,Salah-Eddine Oulad M'hand,Netherlands,20-08-03,,,Midfielder,,,,Arsenal
87,Charlie Patino,England,17-10-03,,,Midfielder,,,,Arsenal
78,Marcelo Flores,Mexico,01-10-03,,,Midfielder,,,,Arsenal
82,Omari Hutchinson,England,29-10-03,,,Midfielder,Arsenal,,,Arsenal
38,Miguel Azeez,England,20-09-02,,,Midfielder,Arsenal,Arsenal,Arsenal,Arsenal
9,Alexandre Lacazette,France,28-05-91,73kg,175cm,Forward,Arsenal,Arsenal,Arsenal,Arsenal
19,Nicolas Pépé,Cote D’Ivoire,29-05-95,73kg,183cm,Forward,Arsenal,Arsenal,,Arsenal
35,Gabriel Martinelli,Brazil,18-06-01,75kg,178cm,Forward,Arsenal,Arsenal,,Arsenal
30,Eddie Nketiah,England,30-05-99,72kg,175cm,Forward,Arsenal,Arsenal,Arsenal,Arsenal
1,Emiliano Martínez,Argentina,02-09-92,88kg,195cm,Goalkeeper,Aston Villa,Arsenal,Arsenal,Aston Villa
38,Viljami Sinisalo,Finland,11-10-01,,,Goalkeeper,,,,Aston Villa
25,Robin Olsen,Sweden,08-01-90,89kg,198cm,Goalkeeper,Everton  (Loan) ,Everton  (Loan) ,,Aston Villa
2,Matthew Cash,Poland,07-08-97,,185cm,Defender,Aston Villa,,,Aston Villa
5,Tyrone Mings,England,13-03-93,77kg,196cm,Defender,Aston Villa,Aston Villa,Aston Villa  (Loan) ,Aston Villa
30,Kortney Hause,England,16-07-95,77kg,191cm,Defender,Aston Villa,Aston Villa,Aston Villa  (Loan) ,Aston Villa
58,Mika Biereth,England,08-02-03,,,Forward,,,,Arsenal
18,Ashley Young,England,09-07-85,65kg,175cm,Defender,Man Utd,Man Utd,Man Utd,Aston Villa
4,Ezri Konsa,England,23-10-97,77kg,183cm,Defender,Aston Villa,Aston Villa,,Aston Villa
50,Sil Swinkels,Netherlands,06-01-04,,,Defender,Aston Villa,Aston Villa,,Aston Villa
27,Lucas Digne,France,20-07-93,74kg,178cm,Defender,Everton,Everton,Everton,Aston Villa
6,Douglas Luiz,Brazil,09-05-98,66kg,175cm,Midfielder,Aston Villa,Aston Villa,Man City,Aston Villa
16,Calum Chambers,England,20-01-95,66kg,182cm,Defender,Arsenal,Arsenal,Arsenal,Aston Villa
7,John McGinn,Scotland,18-10-94,68kg,178cm,Midfielder,Aston Villa,Aston Villa,,Aston Villa
19,Marvelous Nakamba,Zimbabwe,19-01-94,71kg,178cm,Midfielder,Aston Villa,Aston Villa,,Aston Villa
49,Hayden Lindley,England,02-09-02,,,Midfielder,Aston Villa,Aston Villa,,Aston Villa
36,Lamare Bogarde,Netherlands,05-01-04,,,Midfielder,Aston Villa,Aston Villa,,Aston Villa
47,Tim Iroegbunam,England,30-06-03,,,Midfielder,West Brom,,,Aston Villa
59,Josh Feeney,England,06-05-05,,,Midfielder,,,,Aston Villa
8,Morgan Sanson,France,18-08-94,73kg,180cm,Midfielder,Aston Villa,,,Aston Villa
10,Emiliano Buendía,Argentina,25-12-96,72kg,172cm,Midfielder,Norwich,Norwich,,Aston Villa
33,Carney Chukwuemeka,England,20-10-03,,,Midfielder,Aston Villa,Aston Villa,,Aston Villa
23,Philippe Coutinho,Brazil,12-06-92,68kg,172cm,Midfielder,Liverpool,Liverpool,Liverpool,Aston Villa
41,Jacob Ramsey,England,28-05-01,,,Midfielder,Aston Villa,Aston Villa,Aston Villa,Aston Villa
45,Benjamin Chrisene,England,12-01-04,,,Midfielder,Aston Villa,Aston Villa,,Aston Villa
58,Tommi O'Reilly,England,15-12-03,,,Midfielder,,,,Aston Villa
15,Bertrand Traoré,Burkina Faso,06-09-95,73kg,181cm,Forward,Aston Villa,Chelsea,Chelsea,Aston Villa
31,Leon Bailey,Jamaica,09-08-97,77kg,178cm,Forward,,,,Aston Villa
20,Danny Ings,England,23-07-92,73kg,178cm,Forward,Southampton,Southampton,Southampton  (Loan) ,Aston Villa
11,Ollie Watkins,England,30-12-95,70kg,180cm,Forward,Aston Villa,,,Aston Villa
1,Jordan Pickford,England,07-03-94,77kg,185cm,Goalkeeper,Everton,Everton,Everton,Everton
15,Asmir Begovic,Bosnia & Herzegovina,20-06-87,101kg,199cm,Goalkeeper,Bournemouth,Bournemouth,Bournemouth,Everton
53,Harry Tyrer,England,06-12-01,,,Goalkeeper,Everton,Everton,,Everton
22,Ben Godfrey,England,15-01-98,74kg,183cm,Defender,Everton,Norwich,,Everton
31,Andy Lonergan,England,19-10-83,87kg,192cm,Goalkeeper,West Brom,Liverpool,Liverpool,Everton
13,Yerry Mina,Colombia,23-09-94,94kg,195cm,Defender,Everton,Everton,Everton,Everton
5,Michael Keane,England,11-01-93,82kg,191cm,Defender,Everton,Everton,Everton,Everton
4,Mason Holgate,England,22-10-96,63kg,184cm,Defender,Everton,Everton,Everton,Everton
2,Jonjoe Kenny,England,15-03-97,67kg,176cm,Defender,Everton,Everton,Everton,Everton
32,Jarrad Branthwaite,England,27-06-02,82kg,195cm,Defender,Everton,Everton,,Everton
23,Séamus Coleman,Ireland,11-10-88,67kg,177cm,Defender,Everton,Everton,Everton,Everton
64,Reece Welch,England,19-09-03,,,Defender,Everton,Everton,,Everton
19,Vitalii Mykolenko,Ukraine,29-05-99,71kg,180cm,Defender,,,,Everton
3,Nathan Patterson,Scotland,16-10-01,72kg,183cm,Defender,,,,Everton
38,Ryan Astley,Wales,04-10-01,,,Defender,Everton,Everton,,Everton
6,Allan,Brazil,08-01-91,73kg,173cm,Midfielder,Everton,,,Everton
8,Fabian Delph,England,21-11-89,60kg,174cm,Midfielder,Everton,Everton,Man City,Everton
16,Abdoulaye Doucouré,Mali,01-01-93,75kg,184cm,Midfielder,Everton,Watford,Watford,Everton
21,André Gomes,Portugal,30-07-93,84kg,188cm,Midfielder,Everton,Everton,Everton  (Loan) ,Everton
26,Tom Davies,England,30-06-98,70kg,180cm,Midfielder,Everton,Everton,Everton,Everton
14,Andros Townsend,England,16-07-91,77kg,181cm,Midfielder,Crystal Palace,Crystal Palace,Crystal Palace,Everton
62,Tyler Onyango,England,04-03-03,,190cm,Midfielder,Everton,Everton,,Everton
30,Donny van de Beek,Netherlands,18-04-97,76kg,184cm,Midfielder,Man Utd,Man Utd,,Everton
34,Anwar El Ghazi,Netherlands,03-05-95,90kg,188cm,Midfielder,Aston Villa,Aston Villa,Aston Villa,Everton
20,Cenk Tosun,Turkey,07-06-91,78kg,183cm,Forward,Everton,Crystal Palace  (Loan) ,Everton,Everton
60,Isaac Price,Northern Ireland,26-09-03,,,Midfielder,Everton,Everton,,Everton
7,Richarlison,Brazil,10-05-97,83kg,184cm,Forward,Everton,Everton,Everton,Everton
9,Dominic Calvert-Lewin,England,16-03-97,71kg,187cm,Forward,Everton,Everton,Everton,Everton
57,Charlie Whitaker,England,16-09-03,,,Midfielder,Everton,,,Everton
11,Demarai Gray,England,28-06-96,74kg,180cm,Forward,Leicester,Leicester,Leicester,Everton
17,Alexander Iwobi,Nigeria,03-05-96,75kg,180cm,Forward,Everton,Everton,Arsenal,Everton
36,Dele Alli,England,11-04-96,76kg,188cm,Midfielder,Spurs,Spurs,Spurs,Everton
24,Anthony Gordon,England,24-02-01,,,Forward,Everton,Everton,Everton,Everton
33,Salomón Rondón,Venezuela,16-09-89,98kg,186cm,Forward,Newcastle  (Loan) ,Newcastle  (Loan) ,West Brom,Everton
61,Lewis Dobbin,England,03-01-03,,,Forward,Everton,Everton,,Everton
1,Kepa Arrizabalaga,Spain,03-10-94,84kg,189cm,Goalkeeper,Chelsea,Chelsea,Chelsea,Chelsea
16,Édouard Mendy,Senegal,01-03-92,86kg,197cm,Goalkeeper,Chelsea,,,Chelsea
36,Lucas Bergström,Finland,05-09-02,,,Goalkeeper,Chelsea,,,Chelsea
13,Marcus Bettinelli,England,24-05-92,82kg,194cm,Goalkeeper,Fulham,Fulham,Fulham,Chelsea
60,Teddy Sharman-Lowe,England,30-03-03,73kg,189cm,Goalkeeper,,,,Chelsea
3,Marcos Alonso,Spain,28-12-90,84kg,188cm,Defender,Chelsea,Chelsea,Chelsea,Chelsea
2,Antonio Rüdiger,Germany,03-03-93,85kg,190cm,Defender,Chelsea,Chelsea,Chelsea,Chelsea
14,Trevoh Chalobah,England,05-07-99,75kg,190cm,Defender,Chelsea,Chelsea,Chelsea,Chelsea
4,Andreas Christensen,Denmark,10-04-96,82kg,187cm,Defender,Chelsea,Chelsea,Chelsea,Chelsea
24,Reece James,England,08-12-99,82kg,182cm,Defender,Chelsea,Chelsea,,Chelsea
21,Ben Chilwell,England,21-12-96,77kg,178cm,Defender,Chelsea,Leicester,Leicester,Chelsea
6,Thiago Silva,Brazil,22-09-84,79kg,183cm,Defender,Chelsea,,,Chelsea
28,César Azpilicueta,Spain,28-08-89,76kg,178cm,Defender,Chelsea,Chelsea,Chelsea,Chelsea
31,Malang Sarr,France,23-01-99,73kg,182cm,Defender,Chelsea,Chelsea,,Chelsea
38,Dylan Williams,England,13-09-03,,,Defender,,,,Chelsea
43,Xavier Mbuyamba,Netherlands,31-12-01,,,Defender,,,,Chelsea
5,Jorginho,Italy,20-12-91,65kg,180cm,Midfielder,Chelsea,Chelsea,Chelsea,Chelsea
19,Mason Mount,England,10-01-99,70kg,178cm,Midfielder,Chelsea,Chelsea,,Chelsea
7,N'Golo Kanté,France,29-03-91,68kg,168cm,Midfielder,Chelsea,Chelsea,Chelsea,Chelsea
10,Christian Pulisic,United States,18-09-98,69kg,172cm,Midfielder,Chelsea,Chelsea,Chelsea,Chelsea
8,Mateo Kovacic,Croatia,06-05-94,78kg,178cm,Midfielder,Chelsea,Chelsea,Chelsea  (Loan) ,Chelsea
22,Hakim Ziyech,Morocco,19-03-93,65kg,180cm,Midfielder,Chelsea,,,Chelsea
17,Saúl Ñíguez,Spain,21-11-94,76kg,184cm,Midfielder,,,,Chelsea
15,Ruben Loftus-Cheek,England,23-01-96,88kg,191cm,Midfielder,Fulham  (Loan) ,Chelsea,Chelsea,Chelsea
29,Kai Havertz,Germany,11-06-99,83kg,188cm,Midfielder,Chelsea,,,Chelsea
18,Ross Barkley,England,05-12-93,76kg,189cm,Midfielder,Chelsea,Chelsea,Aston Villa  (Loan) ,Aston Villa
71,Charlie Webster,England,31-01-04,,,Midfielder,,,,Chelsea
68,Harvey Vale,England,11-09-03,,,Midfielder,Chelsea,,,Chelsea
54,Xavier Simons,England,20-02-03,,,Midfielder,,,,Chelsea
11,Timo Werner,Germany,06-03-96,75kg,180cm,Forward,Chelsea,,,Chelsea
24,Kenedy,Brazil,08-02-96,77kg,182cm,Forward,Chelsea,Newcastle  (Loan) ,Chelsea,Chelsea
75,Lewis Hall,England,08-09-04,,,Midfielder,,,,Chelsea
9,Romelu Lukaku,Belgium,13-05-93,93kg,190cm,Forward,Man Utd,Man Utd,Man Utd,Chelsea
20,Callum Hudson-Odoi,England,07-11-00,76kg,182cm,Forward,Chelsea,Chelsea,Chelsea,Chelsea
13,Wayne Hennessey,Wales,24-01-87,90kg,198cm,Goalkeeper,Crystal Palace,Crystal Palace,Crystal Palace,Burnley
50,Sam Waller,England,09-09-03,,,Goalkeeper,,,,Burnley
2,Matthew Lowton,England,09-06-89,78kg,180cm,Defender,Burnley,Burnley,Burnley,Burnley
3,Charlie Taylor,England,18-09-93,70kg,176cm,Defender,Burnley,Burnley,Burnley,Burnley
64,Jude Soonsup-Bell,England,10-01-04,,,Forward,,,,Chelsea
25,Will Norris,England,12-08-93,74kg,195cm,Goalkeeper,Burnley,Wolves,Wolves,Burnley
5,James Tarkowski,England,19-11-92,81kg,185cm,Defender,Burnley,Burnley,Burnley,Burnley
1,Nick Pope,England,19-04-92,76kg,191cm,Goalkeeper,Burnley,Burnley,Burnley,Burnley
6,Ben Mee,England,21-09-89,74kg,180cm,Defender,Burnley,Burnley,Burnley,Burnley
26,Phil Bardsley,Scotland,28-06-85,74kg,180cm,Defender,Burnley,Burnley,Burnley,Burnley
23,Erik Pieters,Netherlands,07-08-88,84kg,183cm,Defender,Burnley,Burnley,Stoke,Burnley
22,Nathan Collins,Ireland,30-04-01,,193cm,Defender,,,,Burnley
37,Bobby Thomas,England,30-01-01,,,,Burnley,Burnley,Burnley,Burnley
39,Owen Dodgson,England,19-03-03,,,Defender,,,,Burnley
14,Connor Roberts,Wales,23-09-95,71kg,175cm,Defender,Swansea,Swansea,,Burnley
28,Kevin Long,Ireland,18-08-90,83kg,188cm,Defender,Burnley,Burnley,Burnley,Burnley
7,Jóhann Gudmundsson,Iceland,27-10-90,78kg,186cm,Midfielder,Burnley,Burnley,Burnley,Burnley
8,Josh Brownhill,England,19-12-95,69kg,180cm,Midfielder,Burnley,Burnley,,Burnley
4,Jack Cork,England,25-06-89,70kg,183cm,Midfielder,Burnley,Burnley,Burnley,Burnley
11,Dwight McNeil,England,22-11-99,68kg,183cm,Midfielder,Burnley,Burnley,Burnley,Burnley
16,Dale Stephens,England,12-06-89,71kg,169cm,Midfielder,Burnley,Brighton,Brighton,Burnley
17,Aaron Lennon,England,16-04-87,63kg,165cm,Midfielder,Burnley,Burnley,Burnley,Burnley
20,Maxwel Cornet,Cote D’Ivoire,27-09-96,69kg,179cm,Midfielder,,,,Burnley
38,Lewis Richardson,England,07-02-03,,,Midfielder,Burnley,Burnley,Burnley,Burnley
10,Ashley Barnes,England,30-10-89,77kg,186cm,Forward,Burnley,Burnley,Burnley,Burnley
18,Ashley Westwood,England,01-04-90,80kg,175cm,Midfielder,Burnley,Burnley,Burnley,Burnley
27,Matej Vydra,Czech Republic,01-05-92,71kg,180cm,Midfielder,Burnley,Burnley,Burnley,Burnley
55,Mark Helm,England,21-10-01,,,Midfielder,,,,Burnley
56,Joseph McGlynn,Scotland,27-09-02,,,Forward,,,,Burnley
9,Wout Weghorst,Netherlands,07-08-92,84kg,197cm,Forward,,,,Burnley
1,David Raya,Spain,15-09-95,80kg,183cm,Goalkeeper,,,,Brentford
44,Dara Costelloe,Ireland,11-12-02,,,Forward,,,,Burnley
19,Jay Rodriguez,England,29-07-89,84kg,185cm,Forward,Burnley,Burnley,West Brom,Burnley
40,Álvaro Fernández,Spain,13-04-98,75kg,185cm,Goalkeeper,,,,Brentford
13,Patrik Gunnarsson,Iceland,15-11-00,84kg,190cm,Goalkeeper,Brentford,,,Brentford
49,Jonas Lössl,Denmark,01-02-89,89kg,195cm,Goalkeeper,Everton,Everton  (Loan) ,Everton,Brentford
3,Rico Henry,England,08-07-97,67kg,170cm,Defender,,,,Brentford
5,Ethan Pinnock,Jamaica,29-05-93,79kg,187cm,Defender,,,,Brentford
18,Pontus Jansson,Sweden,13-02-91,89kg,194cm,Defender,,,,Brentford
30,Mads Roerslev,Denmark,24-06-99,77kg,184cm,Defender,,,,Brentford
29,Mads Bech Sørensen,Denmark,07-01-99,92kg,189cm,Defender,,,,Brentford
41,Matthew Cox,England,02-05-03,,,Goalkeeper,,,,Brentford
23,Julian Jeanvier,Guinea,31-03-92,84kg,185cm,Defender,,,,Brentford
36,Finley Stevens,Wales,10-04-03,,,Defender,,,,Brentford
39,Lewis Gordon,England,12-02-01,,,Defender,,,,Brentford
22,Zanka,Denmark,23-04-90,79kg,191cm,Defender,Huddersfield,Huddersfield,,Brentford
34,Daniel Oyegoke,England,03-01-03,,,Defender,Arsenal,,,Brentford
20,Kristoffer Ajer,Norway,17-04-98,84kg,196cm,Defender,Brentford,,,Brentford
6,Christian Nørgaard,Denmark,10-03-94,76kg,187cm,Midfielder,,,,Brentford
8,Mathias Jensen,Denmark,01-01-96,68kg,180cm,Midfielder,,,,Brentford
10,Josh Dasilva,England,23-10-98,75kg,184cm,Midfielder,Arsenal,Arsenal,Arsenal,Brentford
19,Bryan Mbeumo,France,07-08-99,,171cm,Midfielder,,,,Brentford
24,Tariqe Fosu-Henry,Ghana,05-11-95,75kg,180cm,Midfielder,,,,Brentford
26,Shandon Baptiste,Grenada,08-04-98,71kg,175cm,Midfielder,,,,Brentford
27,Vitaly Janelt,Germany,10-05-98,79kg,184cm,Midfielder,,,,Brentford
37,Maxwell Haygarth,England,21-01-02,,,Midfielder,Brentford,,,Brentford
15,Frank Onyeka,Nigeria,01-01-98,,183cm,Midfielder,Brentford,,,Brentford
25,Myles Peart-Harris,England,18-09-02,,,Midfielder,Brentford,Chelsea,,Brentford
11,Yoane Wissa,DR Congo,03-09-96,74kg,176cm,Midfielder,,,,Brentford
33,Paris Maghoma,England,08-05-01,,,Midfielder,Brentford,Spurs,,Brentford
21,Christian Eriksen,Denmark,14-02-92,76kg,182cm,Midfielder,Spurs,Spurs,Spurs,Brentford
7,Sergi Canós,Spain,02-02-97,75kg,177cm,Forward,Liverpool,Liverpool,,Brentford
17,Ivan Toney,England,16-03-96,70kg,179cm,Forward,Newcastle,,,Brentford
14,Saman Ghoddos,Iran,06-09-93,75kg,176cm,Forward,,,,Brentford
43,Nathan Young-Coombes,England,15-01-03,,,Forward,,,,Brentford
1,Jack Butland,England,10-03-93,95kg,196cm,Goalkeeper,Crystal Palace,Stoke,Stoke,Crystal Palace
13,Vicente Guaita,Spain,10-01-87,81kg,190cm,Goalkeeper,Crystal Palace,Crystal Palace,Crystal Palace,Crystal Palace
19,Remi Matthews,England,10-02-94,78kg,184cm,Goalkeeper,Crystal Palace,,,Crystal Palace
5,James Tomkins,England,29-03-89,74kg,192cm,Defender,Crystal Palace,Crystal Palace,Crystal Palace,Crystal Palace
2,Joel Ward,England,29-10-89,83kg,188cm,Defender,Crystal Palace,Crystal Palace,Crystal Palace,Crystal Palace
36,Nathan Ferguson,England,06-10-00,74kg,178cm,Defender,Crystal Palace,West Brom,West Brom,Crystal Palace
2,Nathaniel Clyne,England,05-04-91,67kg,175cm,Defender,Crystal Palace,Bournemouth  (Loan) ,Liverpool,Crystal Palace
3,Tyrick Mitchell,England,01-09-99,,,Defender,Crystal Palace,Crystal Palace,Crystal Palace,Crystal Palace
34,Martin Kelly,England,27-04-90,77kg,191cm,Defender,Crystal Palace,Crystal Palace,Crystal Palace,Crystal Palace
6,Marc Guéhi,England,13-07-00,82kg,182cm,Defender,Chelsea,Chelsea,,Crystal Palace
16,Joachim Andersen,Denmark,31-05-96,90kg,192cm,Defender,Fulham  (Loan) ,,,Crystal Palace
43,Reece Hannam,England,11-09-00,,,Defender,Crystal Palace,Crystal Palace,,Crystal Palace
45,Omotayo Adaramola,Ireland,13-11-03,,,Defender,,,,Crystal Palace
4,Luka Milivojevic,Serbia,07-04-91,80kg,186cm,Midfielder,Crystal Palace,Crystal Palace,Crystal Palace,Crystal Palace
10,Eberechi Eze,England,29-06-98,,,Midfielder,Crystal Palace,,,Crystal Palace
23,Conor Gallagher,England,06-02-00,,182cm,Midfielder,Chelsea,West Brom  (Loan) ,Chelsea,Crystal Palace
44,Jairo Riedewald,Netherlands,09-09-96,79kg,182cm,Defender,Crystal Palace,Crystal Palace,Crystal Palace,Crystal Palace
49,Jesurun Rak-Sakyi,England,05-10-02,,,Midfielder,Crystal Palace,Crystal Palace,,Crystal Palace
15,Jeffrey Schlupp,Ghana,23-12-92,72kg,178cm,Midfielder,Crystal Palace,Crystal Palace,Crystal Palace,Crystal Palace
8,Cheikhou Kouyaté,Senegal,21-12-89,83kg,189cm,Midfielder,Crystal Palace,Crystal Palace,Crystal Palace,Crystal Palace
7,Michael Olise,France,12-12-01,,176cm,Midfielder,,,,Crystal Palace
18,James McArthur,Scotland,07-10-87,75kg,178cm,Midfielder,Crystal Palace,Crystal Palace,Crystal Palace,Crystal Palace
48,Jack Wells-Morrison,England,18-02-04,,,Midfielder,,,,Crystal Palace
12,Will Hughes,England,17-04-95,74kg,185cm,Midfielder,Watford,Watford,Watford,Crystal Palace
9,Jordan Ayew,Ghana,11-09-91,80kg,182cm,Forward,Crystal Palace,Crystal Palace,Crystal Palace  (Loan) ,Crystal Palace
11,Wilfried Zaha,Cote D’Ivoire,10-11-92,66kg,180cm,Forward,Crystal Palace,Crystal Palace,Crystal Palace,Crystal Palace
20,Christian Benteke,Belgium,03-12-90,83kg,190cm,Forward,Crystal Palace,Crystal Palace,Crystal Palace,Crystal Palace
40,Scott Banks,Scotland,26-09-01,,,Forward,Crystal Palace,Crystal Palace,,Crystal Palace
1,Tim Krul,Netherlands,03-04-88,84kg,188cm,Goalkeeper,Norwich,Brighton,Brighton  (Loan) ,Norwich
22,Odsonne Édouard,France,16-01-98,83kg,187cm,Forward,,,,Crystal Palace
33,Michael McGovern,Northern Ireland,12-07-84,89kg,191cm,Goalkeeper,Norwich,,,Norwich
28,Angus Gunn,England,22-01-96,77kg,196cm,Goalkeeper,Southampton,Southampton,Southampton,Norwich
58,Jon McCracken,Scotland,24-05-00,,,Goalkeeper,Norwich,,,Norwich
2,Max Aarons,England,04-01-00,69kg,178cm,Defender,Norwich,,,Norwich
3,Sam Byram,England,16-09-93,72kg,180cm,Defender,Norwich,West Ham,West Ham,Norwich
14,Jean-Philippe Mateta,France,28-06-97,88kg,192cm,Forward,Crystal Palace  (Loan) ,Crystal Palace  (Loan) ,,Crystal Palace
6,Christoph Zimmermann,Germany,12-01-93,92kg,194cm,Defender,Norwich,,,Norwich
5,Grant Hanley,Scotland,20-11-91,81kg,187cm,Defender,Norwich,Newcastle,Blackburn,Norwich
44,Andrew Omobamidele,Ireland,23-06-02,,188cm,Defender,,,,Norwich
30,Dimitris Giannoulis,Greece,17-10-95,62kg,175cm,Defender,Norwich  (Loan) ,,,Norwich
40,Jonathan Tomkinson,United States,11-04-02,,,Defender,,,,Norwich
4,Ben Gibson,England,15-01-93,78kg,185cm,Defender,Norwich  (Loan) ,Burnley,Burnley,Norwich
15,Ozan Kabak,Turkey,25-03-00,86kg,186cm,Defender,Liverpool  (Loan) ,Liverpool  (Loan) ,,Norwich
21,Brandon Williams,England,03-09-00,63kg,171cm,Defender,Man Utd,Man Utd,Man Utd,Norwich
41,Abu Kamara,England,,,,Defender,,,,Norwich
7,Lukas Rupp,Germany,08-01-91,73kg,178cm,Midfielder,Norwich,,,Norwich
10,Kieran Dowell,England,10-10-97,70kg,175cm,Midfielder,Sheffield Utd  (Loan) ,Everton,Everton,Norwich
19,Jacob Sørensen,Denmark,03-03-98,,,Midfielder,,,,Norwich
17,Milot Rashica,Kosovo,28-06-96,73kg,177cm,Midfielder,,,,Norwich
23,Kenny McLean,Scotland,08-01-92,70kg,183cm,Midfielder,Norwich,,,Norwich
8,Billy Gilmour,Scotland,11-06-01,60kg,166cm,Midfielder,Chelsea,Chelsea,Chelsea,Norwich
11,Przemyslaw Placheta,Poland,23-03-98,72kg,177cm,Midfielder,,,,Norwich
20,Pierre Lees-Melou,France,25-05-93,69kg,185cm,Midfielder,,,,Norwich
16,Mathias Normann,Norway,28-05-96,75kg,179cm,Midfielder,Brighton,Brighton,,Norwich
45,Tony Springett,England,,,,Midfielder,,,,Norwich
22,Teemu Pukki,Finland,29-03-90,75kg,180cm,Forward,Norwich,,,Norwich
35,Adam Idah,Ireland,11-02-01,83kg,190cm,Forward,Norwich,,,Norwich
24,Joshua Sargent,United States,20-02-00,79kg,185cm,Forward,,,,Norwich
42,Liam Gibbs,England,16-12-02,,,Midfielder,,,,Norwich
1,Martin Dúbravka,Slovakia,15-01-89,83kg,190cm,Goalkeeper,Newcastle,Newcastle,Newcastle,Newcastle
46,Jonathan Rowe,England,30-04-03,,173cm,Forward,,,,Norwich
18,Christos Tzolis,Greece,30-01-02,,184cm,Forward,,,,Norwich
26,Karl Darlow,England,08-10-90,88kg,190cm,Goalkeeper,Newcastle,Newcastle,Newcastle,Newcastle
29,Mark Gillespie,England,27-03-92,83kg,192cm,Goalkeeper,Newcastle,,,Newcastle
2,Ciaran Clark,Ireland,26-09-89,88kg,185cm,Defender,Newcastle,Newcastle,Newcastle,Newcastle
3,Paul Dummett,Wales,26-09-91,82kg,183cm,Defender,Newcastle,Newcastle,Newcastle,Newcastle
33,Daniel Langley,England,28-12-00,,,Goalkeeper,Newcastle,,,Newcastle
5,Fabian Schär,Switzerland,20-12-91,84kg,188cm,Defender,Newcastle,Newcastle,Newcastle,Newcastle
12,Jamal Lewis,Northern Ireland,25-01-98,70kg,178cm,Defender,Newcastle,Norwich,,Newcastle
17,Emil Krafth,Sweden,02-08-94,83kg,184cm,Defender,Newcastle,Newcastle,,Newcastle
15,Kieran Trippier,England,19-09-90,71kg,178cm,Defender,Spurs,Spurs,Spurs,Newcastle
33,Dan Burn,England,09-05-92,87kg,198cm,Defender,Brighton,Brighton,Brighton,Newcastle
6,Jamaal Lascelles,England,11-11-93,89kg,188cm,Defender,Newcastle,Newcastle,Newcastle,Newcastle
18,Federico Fernández,Argentina,21-02-89,83kg,190cm,Defender,Newcastle,Newcastle,Newcastle,Newcastle
13,Matt Targett,England,18-09-95,70kg,183cm,Defender,Aston Villa,Aston Villa,Aston Villa,Newcastle
19,Javier Manquillo,Spain,05-05-94,76kg,178cm,Defender,Newcastle,Newcastle,Newcastle,Newcastle
21,Ryan Fraser,Scotland,24-02-94,70kg,163cm,Midfielder,Newcastle,Bournemouth,Bournemouth,Newcastle
23,Jacob Murphy,England,24-02-95,74kg,179cm,Midfielder,Newcastle,Newcastle,Newcastle,Newcastle
8,Jonjo Shelvey,England,27-02-92,80kg,184cm,Midfielder,Newcastle,Newcastle,Newcastle,Newcastle
11,Matt Ritchie,Scotland,10-09-89,76kg,172cm,Midfielder,Newcastle,Newcastle,Newcastle,Newcastle
28,Joseph Willock,England,20-08-99,71kg,179cm,Midfielder,Arsenal,Newcastle  (Loan) ,Arsenal,Newcastle
36,Sean Longstaff,England,30-10-97,65kg,180cm,Midfielder,Newcastle,Newcastle,Newcastle,Newcastle
24,Miguel Almirón,Paraguay,10-02-94,70kg,174cm,Midfielder,Newcastle,Newcastle,Newcastle,Newcastle
14,Isaac Hayden,England,22-03-95,79kg,185cm,Midfielder,Newcastle,Newcastle,Newcastle,Newcastle
39,Bruno Guimarães,Brazil,16-11-97,74kg,182cm,Midfielder,,,,Newcastle
50,Lucas De Bolle,Scotland,22-10-02,,,Midfielder,,,,Newcastle
7,Joelinton,Brazil,14-08-96,81kg,186cm,Forward,Newcastle,Newcastle,,Newcastle
10,Allan Saint-Maximin,France,12-03-97,67kg,173cm,Forward,Newcastle,Newcastle,,Newcastle
34,Dwight Gayle,England,17-10-89,78kg,174cm,Forward,Newcastle,Newcastle,Newcastle,Newcastle
13,Kristoffer Klaesson,Norway,27-11-00,76kg,189cm,Goalkeeper,,,,Leeds
2,Luke Ayling,England,25-08-91,72kg,185cm,Defender,Leeds,Arsenal,Arsenal,Leeds
6,Liam Cooper,Scotland,30-08-91,73kg,180cm,Defender,Leeds,Hull,Hull,Leeds
5,Robin Koch,Germany,17-07-96,85kg,192cm,Defender,Leeds,,,Leeds
14,Diego Llorente,Spain,16-08-93,75kg,186cm,Defender,Leeds,,,Leeds
20,Chris Wood,New Zealand,07-12-91,81kg,191cm,Forward,Burnley,Burnley,Burnley,Newcastle
9,Callum Wilson,England,27-02-92,66kg,180cm,Forward,Newcastle,Bournemouth,Bournemouth,Newcastle
1,Illan Meslier,France,02-03-00,74kg,193cm,Goalkeeper,Leeds,Leeds,,Leeds
21,Pascal Struijk,Netherlands,11-08-99,,190cm,Defender,Leeds,,,Leeds
27,Laurens De Bock,Belgium,07-11-92,74kg,179cm,Defender,Leeds,,,Leeds
3,Junior Firpo,Spain,22-08-96,78kg,184cm,Defender,,,,Leeds
35,Charlie Cresswell,England,17-08-02,,,Defender,Leeds,Leeds,,Leeds
33,Leo Fuhr Hjelde,Norway,26-08-03,,188cm,Defender,,,,Leeds
52,Kris Moore,England,13-11-03,,,Defender,,,,Leeds
4,Adam Forshaw,England,08-10-91,71kg,174cm,Midfielder,Leeds,Middlesbrough,Everton,Leeds
15,Stuart Dallas,Northern Ireland,19-04-91,81kg,183cm,Midfielder,Leeds,,,Leeds
23,Kalvin Phillips,England,02-12-95,72kg,178cm,Midfielder,Leeds,,,Leeds
43,Mateusz Klich,Poland,13-06-90,84kg,183cm,Midfielder,Leeds,,,Leeds
46,Jamie Shackleton,England,08-10-99,65kg,168cm,Midfielder,Leeds,,,Leeds
22,Jack Harrison,England,20-11-96,70kg,175cm,Midfielder,Leeds  (Loan) ,Leeds  (Loan) ,Man City,Leeds
45,Liam McCarron,Scotland,07-03-01,,175cm,Midfielder,Leeds,Leeds,,Leeds
38,Crysencio Summerville,Netherlands,30-10-01,,174cm,Midfielder,Leeds,Leeds,,Leeds
20,Daniel James,Wales,10-11-97,76kg,171cm,Midfielder,Man Utd,Man Utd,Man Utd,Leeds
39,Stuart McKinstry,Scotland,18-09-02,,,Midfielder,,,,Leeds
26,Lewis Bate,England,28-10-02,,,Midfielder,Chelsea,Chelsea,Chelsea,Leeds
47,Jack Jenkins,England,23-03-02,,,Midfielder,Leeds,Leeds,,Leeds
54,Nohan Kenneh,England,10-01-03,,,Midfielder,Leeds,,,Leeds
63,Archie Gray,England,12-03-06,,,Midfielder,,,,Leeds
9,Patrick Bamford,England,05-09-93,71kg,185cm,Forward,Leeds,Middlesbrough,Burnley  (Loan) ,Leeds
11,Tyler Roberts,Wales,12-01-99,75kg,180cm,Forward,Leeds,West Brom,West Brom,Leeds
10,Raphinha,Brazil,14-12-96,68kg,176cm,Forward,Leeds,,,Leeds
19,Rodrigo,Spain,06-03-91,77kg,182cm,Forward,Leeds,Bolton  (Loan) ,,Leeds
21,John Ruddy,England,24-10-86,97kg,193cm,Goalkeeper,Wolves,Wolves,Wolves,Wolves
42,Sam Greenwood,England,26-01-02,,185cm,Forward,Leeds,Leeds,,Leeds
1,José Sá,Portugal,17-01-93,84kg,192cm,Goalkeeper,,,,Wolves
48,James Storer,England,,,,Goalkeeper,,,,Wolves
,Matija Sarkic,Montenegro,23-07-97,,195cm,Goalkeeper,Wolves,Wolves,Aston Villa,Wolves
2,Ki-Jana Hoever,Netherlands,18-01-02,65kg,180cm,Defender,Wolves,Liverpool,Liverpool,Wolves
5,Marçal,Brazil,19-02-89,74kg,178cm,Defender,Wolves,,,Wolves
15,Willy Boly,Cote D’Ivoire,03-02-91,92kg,195cm,Defender,Wolves,Wolves,Wolves,Wolves
19,Jonny,Spain,03-03-94,70kg,175cm,Defender,Wolves,Wolves,Wolves  (Loan) ,Wolves
22,Nélson Semedo,Portugal,16-11-93,67kg,177cm,Defender,Wolves,,,Wolves
14,Yerson Mosquera,Colombia,02-05-01,76kg,187cm,Defender,,,,Wolves
23,Maximilian Kilman,England,23-05-97,,,Defender,Wolves,Wolves,Wolves,Wolves
16,Conor Coady,England,25-02-93,73kg,185cm,Defender,Wolves,Wolves,Wolves,Wolves
3,Rayan Aït-Nouri,France,06-06-01,70kg,179cm,Defender,Wolves  (Loan) ,Wolves  (Loan) ,,Wolves
30,Joe Gelhardt,England,04-05-02,65kg,175cm,Forward,Leeds,Leeds,,Leeds
64,Hugo Bueno,Spain,18-09-02,73kg,180cm,Defender,Wolves,Wolves,,Wolves
81,Dexter Lembikisa,England,04-11-03,,,Defender,,,,Wolves
24,Toti,Portugal,16-01-99,72kg,187cm,Defender,,,,Wolves
27,Romain Saïss,Morocco,26-03-90,80kg,190cm,Midfielder,Wolves,Wolves,Wolves,Wolves
28,João Moutinho,Portugal,08-09-86,61kg,170cm,Midfielder,Wolves,Wolves,Wolves,Wolves
10,Daniel Podence,Portugal,21-10-95,58kg,165cm,Midfielder,Wolves,Wolves,,Wolves
8,Rúben Neves,Portugal,13-03-97,80kg,180cm,Midfielder,Wolves,Wolves,Wolves,Wolves
32,Leander Dendoncker,Belgium,15-04-95,83kg,188cm,Midfielder,Wolves,Wolves,Wolves  (Loan) ,Wolves
9,Raúl Jiménez,Mexico,05-05-91,76kg,190cm,Forward,Wolves,Wolves,Wolves  (Loan) ,Wolves
7,Pedro Neto,Portugal,09-03-00,69kg,172cm,Forward,Wolves,Wolves,,Wolves
39,Luke Cundle,England,26-04-02,,,Midfielder,Wolves,Wolves,Wolves,Wolves
17,Fábio Silva,Portugal,19-07-02,75kg,185cm,Forward,Wolves,,,Wolves
11,Trincão,Portugal,29-12-99,70kg,184cm,Forward,,,,Wolves
77,Chem Campbell,Wales,30-12-02,,,Forward,Wolves,Wolves,,Wolves
26,Hwang Hee-Chan,South Korea,26-01-96,77kg,177cm,Forward,,,,Wolves
20,Chiquinho,Portugal,05-02-00,73kg,179cm,Forward,,,,Wolves
23,Jason Steele,England,18-08-90,79kg,188cm,Goalkeeper,Brighton,Brighton,Brighton,Brighton
1,Robert Sánchez,Spain,18-11-97,90kg,197cm,Goalkeeper,Brighton,Brighton,Brighton,Brighton
38,Thomas McGill,England,25-03-00,,,Goalkeeper,Brighton,Brighton,,Brighton
2,Tariq Lamptey,England,30-09-00,,,Defender,Brighton,Brighton,Chelsea,Brighton
5,Lewis Dunk,England,21-11-91,88kg,192cm,Defender,Brighton,Brighton,Brighton,Brighton
1,Kjell Scherpen,Netherlands,23-01-00,98kg,204cm,Goalkeeper,Brighton,,,Brighton
4,Adam Webster,England,04-01-95,75kg,191cm,Defender,Brighton,Brighton,,Brighton
34,Joël Veltman,Netherlands,15-01-92,75kg,184cm,Defender,Brighton,,,Brighton
28,Haydon Roberts,England,10-05-02,,,Defender,Brighton,Brighton,Brighton,Brighton
24,Shane Duffy,Ireland,01-01-92,76kg,193cm,Defender,Brighton,Brighton,Brighton,Brighton
54,James Furlong,Ireland,07-06-02,,,Defender,,,,Brighton
57,Odeluga Offiah,England,26-10-02,,,Defender,,,,Brighton
35,Tudor Baluta,Romania,27-03-99,80kg,192cm,Defender,Brighton  (Loan) ,Brighton,Brighton  (Loan) ,Brighton
53,Antef Tsoungui,England,30-12-02,,,Defender,,,,Brighton
55,Ed Turns,Wales,18-10-02,,,Defender,,,,Brighton
53,Lars Dendoncker,Belgium,03-04-01,,,Defender,Brighton,Brighton,,Brighton
8,Yves Bissouma,Mali,30-08-96,80kg,182cm,Midfielder,Brighton,Brighton,Brighton,Brighton
10,Alexis Mac Allister,Argentina,24-12-98,72kg,176cm,Midfielder,Brighton,Brighton,Brighton,Brighton
13,Pascal Groß,Germany,15-06-91,78kg,181cm,Midfielder,Brighton,Brighton,Brighton,Brighton
3,Marc Cucurella,Spain,22-07-98,66kg,172cm,Defender,,,,Brighton
15,Jakub Moder,Poland,07-04-99,78kg,188cm,Midfielder,Brighton,Brighton,,Brighton
17,Steven Alzate,Colombia,08-09-98,75kg,180cm,Midfielder,Brighton,L Orient,,Brighton
20,Solly March,England,20-07-94,88kg,180cm,Midfielder,Brighton,Brighton,Brighton,Brighton
14,Adam Lallana,England,10-05-88,73kg,172cm,Midfielder,Brighton,Liverpool,Liverpool,Brighton
42,Marc Leonard,Scotland,19-12-01,,,Midfielder,,,,Brighton
12,Enock Mwepu,Zambia,01-01-98,76kg,184cm,Midfielder,,,,Brighton
18,Danny Welbeck,England,26-11-90,73kg,185cm,Forward,Brighton,Watford,Arsenal,Brighton
25,Moisés Caicedo,Ecuador,02-11-01,73kg,178cm,Midfielder,Brighton,Brighton,,Brighton
9,Neal Maupay,France,14-08-96,69kg,173cm,Forward,Brighton,Brighton,,Brighton
11,Leandro Trossard,Belgium,04-12-94,61kg,171cm,Forward,Brighton,Brighton,,Brighton
60,Jeremy Sarmiento,Ecuador,16-06-02,,,Forward,,,,Brighton
59,Andrew Moran,Ireland,15-10-03,,,Midfielder,,,,Brighton
58,Evan Ferguson,Ireland,19-10-04,,,Forward,,,,Brighton
41,Harry Lewis,England,20-12-97,77kg,191cm,Goalkeeper,Southampton,Southampton,Southampton,Southampton
1,Alex McCarthy,England,03-12-89,79kg,193cm,Goalkeeper,Southampton,Southampton,Southampton,Southampton
44,Fraser Forster,England,17-03-88,93kg,201cm,Goalkeeper,Southampton,Southampton,Southampton,Southampton
13,Willy Caballero,Argentina,28-09-81,81kg,186cm,Goalkeeper,Chelsea,Chelsea,Chelsea,Southampton
5,Jack Stephens,England,27-01-94,75kg,185cm,Defender,Southampton,Southampton,Southampton,Southampton
2,Kyle Walker-Peters,England,13-04-97,62kg,173cm,Defender,Southampton,Southampton  (Loan) ,Southampton,Southampton
6,Yan Valery,France,22-02-99,85kg,180cm,Defender,Southampton,Southampton,Southampton,Southampton
22,Mohammed Salisu,Ghana,17-04-99,82kg,191cm,Defender,Southampton,,,Southampton
35,Jan Bednarek,Poland,12-04-96,77kg,189cm,Defender,Lech Poznan,Lech Poznan,Lech Poznan,Southampton
15,Romain Perraud,France,22-09-97,68kg,173cm,Defender,,,,Southampton
21,Valentino Livramento,England,12-11-02,,,Defender,Chelsea,Chelsea,,Southampton
16,Thierry Small,England,01-08-04,,,Defender,Everton,Everton,,Southampton
6,Oriol Romeu,Spain,24-09-91,83kg,183cm,Midfielder,Southampton,Southampton,Southampton,Southampton
4,Lyanco,Brazil,01-02-97,85kg,187cm,Defender,,,,Southampton
11,Nathan Redmond,England,06-03-94,69kg,173cm,Midfielder,Southampton,Southampton,Southampton,Southampton
17,Stuart Armstrong,Scotland,30-03-92,75kg,183cm,Midfielder,Southampton,Southampton,Southampton,Southampton
23,Nathan Tella,England,05-07-99,,,Midfielder,Southampton,Southampton,Southampton,Southampton
8,James Ward-Prowse,England,01-11-94,66kg,173cm,Midfielder,Southampton,Southampton,Southampton,Southampton
27,Ibrahima Diallo,France,08-03-99,68kg,179cm,Midfielder,Southampton,,,Southampton
20,William Smallbone,Ireland,21-02-00,,,Midfielder,Southampton,Southampton,Southampton,Southampton
19,Moussa Djenepo,Mali,15-06-98,65kg,177cm,Midfielder,Southampton,Southampton,,Southampton
24,Mohamed Elyounoussi,Norway,04-08-94,70kg,178cm,Midfielder,Southampton,Southampton,,Southampton
72,Kgaogelo Chauke,England,08-01-03,,,,Southampton,Southampton,,Southampton
7,Shane Long,Ireland,22-01-87,81kg,178cm,Forward,Southampton,Southampton,Southampton,Southampton
10,Che Adams,Scotland,13-07-96,70kg,175cm,Forward,Southampton,Southampton,,Southampton
32,Theo Walcott,England,16-03-89,68kg,176cm,Forward,Southampton  (Loan) ,Everton,Southampton  (Loan) ,Southampton
18,Armando Broja,Albania,10-09-01,,191cm,Forward,Chelsea,Chelsea,Chelsea,Southampton
9,Adam Armstrong,England,10-02-97,69kg,172cm,Forward,Newcastle,Newcastle,Newcastle,Southampton
53,Kazeem Olaigbe,Belgium,02-01-03,,,Forward,,,,Southampton
31,Ederson,Brazil,17-08-93,86kg,188cm,Goalkeeper,Man City,Man City,Man City,Man City
13,Zack Steffen,United States,02-04-95,86kg,191cm,Goalkeeper,Man City,Man City,,Man City
33,Scott Carson,England,03-09-85,76kg,190cm,Goalkeeper,Man City  (Loan) ,Man City  (Loan) ,Man City  (Loan) ,Man City
84,Cieran Slicker,Scotland,15-09-02,,,Goalkeeper,Man City,,,Man City
2,Kyle Walker,England,28-05-90,70kg,178cm,Defender,Man City,Man City,Man City,Man City
3,Rúben Dias,Portugal,14-05-97,76kg,186cm,Defender,Man City,,,Man City
5,John Stones,England,28-05-94,70kg,188cm,Defender,Man City,Man City,Man City,Man City
6,Nathan Aké,Netherlands,18-02-95,75kg,180cm,Defender,Man City,Bournemouth,Bournemouth,Man City
11,Oleksandr Zinchenko,Ukraine,15-12-96,64kg,175cm,Defender,Man City,Man City,Man City,Man City
14,Aymeric Laporte,Spain,27-05-94,86kg,191cm,Defender,Man City,Man City,Man City,Man City
22,Benjamin Mendy,France,17-07-94,85kg,185cm,Defender,Man City,Man City,Man City,Man City
27,João Cancelo,Portugal,27-05-94,74kg,182cm,Defender,Man City,Man City,,Man City
79,Luke Mbete,England,18-09-03,,,Defender,Man City,Man City,,Man City
56,CJ Egan-Riley,England,02-01-03,,,Defender,Man City,,,Man City
8,Ilkay Gündogan,Germany,24-10-90,80kg,180cm,Midfielder,Man City,Man City,Man City,Man City
17,Kevin De Bruyne,Belgium,28-06-91,68kg,181cm,Midfielder,Man City,Man City,Man City,Man City
16,Rodri,Spain,22-06-96,82kg,191cm,Midfielder,Man City,Man City,,Man City
97,Joshua Wilson-Esbrand,England,26-12-02,,,Defender,,,,Man City
25,Fernandinho,Brazil,04-05-85,67kg,179cm,Midfielder,Man City,Man City,Man City,Man City
47,Phil Foden,England,28-05-00,70kg,171cm,Midfielder,Man City,Man City,Man City,Man City
10,Jack Grealish,England,10-09-95,68kg,175cm,Midfielder,Aston Villa,Aston Villa,Aston Villa,Man City
20,Bernardo Silva,Portugal,10-08-94,64kg,173cm,Midfielder,Man City,Man City,Man City,Man City
90,Roméo Lavia,Belgium,06-01-04,,,Midfielder,Man City,,,Man City
80,Cole Palmer,England,06-05-02,,,Midfielder,Man City,Man City,Man City,Man City
87,James McAtee,England,18-10-02,,,Midfielder,Man City,,,Man City
9,Gabriel Jesus,Brazil,03-04-97,73kg,175cm,Forward,Man City,Man City,Man City,Man City
7,Raheem Sterling,England,08-12-94,69kg,170cm,Forward,Man City,Man City,Man City,Man City
52,Oscar Bobb,Norway,12-07-03,,,Midfielder,,,,Man City
26,Riyad Mahrez,Algeria,21-02-91,67kg,179cm,Forward,Man City,Man City,Man City,Man City
53,Samuel Edozie,England,28-01-03,,,Forward,Man City,Man City,,Man City
26,Dean Henderson,England,12-03-97,85kg,188cm,Goalkeeper,Man Utd,Sheffield Utd  (Loan) ,Man Utd,Man Utd
22,Tom Heaton,England,15-04-86,85kg,188cm,Goalkeeper,Aston Villa,Aston Villa,Aston Villa,Man Utd
37,Kayky,Brazil,11-06-03,68kg,175cm,Forward,,,,Man City
13,Lee Grant,England,27-01-83,83kg,193cm,Goalkeeper,Man Utd,Man Utd,Man Utd,Man Utd
1,David de Gea,Spain,07-11-90,76kg,192cm,Goalkeeper,Man Utd,Man Utd,Man Utd,Man Utd
48,Liam Delap,England,08-02-03,,,Forward,Man City,Man City,,Man City
2,Victor Lindelöf,Sweden,17-07-94,80kg,187cm,Defender,Man Utd,Man Utd,Man Utd,Man Utd
3,Eric Bailly,Cote D’Ivoire,12-04-94,77kg,187cm,Defender,Man Utd,Man Utd,Man Utd,Man Utd
4,Phil Jones,England,21-02-92,71kg,180cm,Defender,Man Utd,Man Utd,Man Utd,Man Utd
5,Harry Maguire,England,05-03-93,100kg,194cm,Defender,Man Utd,Man Utd,Leicester,Man Utd
23,Luke Shaw,England,12-07-95,75kg,185cm,Defender,Man Utd,Man Utd,Man Utd,Man Utd
29,Aaron Wan-Bissaka,England,26-11-97,72kg,183cm,Defender,Man Utd,Man Utd,Crystal Palace,Man Utd
27,Alex Telles,Brazil,15-12-92,71kg,181cm,Defender,Man Utd,,,Man Utd
20,Diogo Dalot,Portugal,18-03-99,76kg,183cm,Defender,Man Utd,Man Utd,Man Utd,Man Utd
74,Álvaro Fernández,Spain,23-03-03,,,Defender,,,,Man Utd
19,Raphaël Varane,France,25-04-93,81kg,191cm,Defender,,,,Man Utd
64,Bjorn Hardley,Netherlands,19-12-02,,,Defender,,,,Man Utd
6,Paul Pogba,France,15-03-93,84kg,191cm,Midfielder,Man Utd,Man Utd,Man Utd,Man Utd
17,Fred,Brazil,05-03-93,64kg,169cm,Midfielder,Man Utd,Man Utd,Man Utd,Man Utd
18,Bruno Fernandes,Portugal,08-09-94,69kg,179cm,Midfielder,Man Utd,Man Utd,,Man Utd
31,Nemanja Matic,Serbia,01-08-88,85kg,194cm,Midfielder,Man Utd,Man Utd,Man Utd,Man Utd
8,Juan Mata,Spain,28-04-88,63kg,170cm,Midfielder,Man Utd,Man Utd,Man Utd,Man Utd
46,Hannibal Mejbri,Tunisia,21-01-03,,177cm,Midfielder,Man Utd,,,Man Utd
14,Jesse Lingard,England,15-12-92,62kg,175cm,Midfielder,West Ham  (Loan) ,Man Utd,Man Utd,Man Utd
39,Scott McTominay,Scotland,08-12-96,88kg,193cm,Midfielder,Man Utd,Man Utd,Man Utd,Man Utd
73,Zidane Iqbal,Iraq,27-04-03,,,Midfielder,,,,Man Utd
21,Edinson Cavani,Uruguay,14-02-87,71kg,184cm,Forward,Man Utd,,,Man Utd
72,Charlie Savage,Wales,02-05-03,,,Midfielder,,,,Man Utd
18,Facundo Pellistri,Uruguay,20-12-01,69kg,175cm,Midfielder,Man Utd,,,Man Utd
75,Alejandro Garnacho,Argentina,01-07-04,,180cm,Midfielder,,,,Man Utd
10,Marcus Rashford,England,31-10-97,70kg,180cm,Forward,Man Utd,Man Utd,Man Utd,Man Utd
11,Mason Greenwood,England,01-10-01,70kg,181cm,Forward,Man Utd,Man Utd,Man Utd,Man Utd
36,Anthony Elanga,Sweden,27-04-02,,178cm,Forward,Man Utd,Man Utd,,Man Utd
25,Jadon Sancho,England,25-03-00,76kg,180cm,Forward,Man City,,,Man Utd
47,Shola Shoretire,England,02-02-04,,170cm,Forward,Man Utd,,,Man Utd
7,Cristiano Ronaldo,Portugal,05-02-85,83kg,187cm,Forward,Man Utd,Man Utd,Man Utd,Man Utd
1,Kasper Schmeichel,Denmark,05-11-86,89kg,189cm,Goalkeeper,Leicester,Leicester,Leicester,Leicester
35,Eldin Jakupovic,Switzerland,02-10-84,85kg,191cm,Goalkeeper,Leicester,Leicester,Leicester,Leicester
4,Çaglar Söyüncü,Turkey,23-05-96,82kg,185cm,Defender,Leicester,Leicester,Leicester,Leicester
3,Wesley Fofana,France,17-12-00,,190cm,Defender,Leicester,,,Leicester
6,Jonny Evans,Northern Ireland,03-01-88,77kg,188cm,Defender,Leicester,Leicester,Leicester,Leicester
12,Danny Ward,Wales,22-06-93,88kg,191cm,Goalkeeper,Leicester,Leicester,Leicester,Leicester
51,Chituru Odunze,United States,14-10-02,,200cm,Goalkeeper,,,,Leicester
2,James Justin,England,23-02-98,80kg,183cm,Defender,Leicester,Leicester,,Leicester
21,Ricardo Pereira,Portugal,06-10-93,70kg,175cm,Defender,Leicester,Leicester,Leicester,Leicester
18,Daniel Amartey,Ghana,21-12-94,79kg,186cm,Defender,Leicester,Leicester,Leicester,Leicester
27,Timothy Castagne,Belgium,05-12-95,80kg,185cm,Defender,Leicester,,,Leicester
23,Jannik Vestergaard,Denmark,03-08-92,98kg,199cm,Defender,Southampton,Southampton,Southampton,Leicester
33,Luke Thomas,England,10-06-01,,,Defender,Leicester,Leicester,Leicester,Leicester
5,Ryan Bertrand,England,05-08-89,85kg,179cm,Defender,Southampton,Southampton,Southampton,Leicester
11,Marc Albrighton,England,18-11-89,74kg,175cm,Midfielder,Leicester,Leicester,Leicester,Leicester
8,Youri Tielemans,Belgium,07-05-97,72kg,176cm,Midfielder,Leicester,Leicester,Leicester  (Loan) ,Leicester
45,Ben Nelson,England,18-03-04,,,Defender,Leicester,Leicester,Leicester,Leicester
10,James Maddison,England,23-11-96,73kg,175cm,Midfielder,Leicester,Leicester,Leicester,Leicester
7,Harvey Barnes,England,09-12-97,66kg,174cm,Midfielder,Leicester,Leicester,Leicester,Leicester
20,Hamza Choudhury,England,01-10-97,64kg,178cm,Midfielder,Leicester,Leicester,Leicester,Leicester
24,Nampalys Mendy,Senegal,23-06-92,73kg,167cm,Midfielder,Leicester,Leicester,Leicester,Leicester
25,Wilfred Ndidi,Nigeria,16-12-96,74kg,183cm,Midfielder,Leicester,Leicester,Leicester,Leicester
42,Boubakary Soumaré,France,27-02-99,70kg,188cm,Midfielder,,,,Leicester
22,Kiernan Dewsbury-Hall,England,06-09-98,,,Midfielder,Leicester,Leicester,Leicester,Leicester
48,Thanawat Suengchitthawon,Thailand,08-01-00,,,Midfielder,Leicester,Leicester,Leicester,Leicester
54,Wanya Marçal-Madivadua,Portugal,19-10-02,,,Midfielder,,,,Leicester
62,Lewis Brunt,England,06-11-00,,,Midfielder,,,,Leicester
53,Oliver Ewing,Wales,03-01-03,,,Midfielder,,,,Leicester
9,Jamie Vardy,England,11-01-87,74kg,179cm,Forward,Leicester,Leicester,Leicester,Leicester
14,Kelechi Iheanacho,Nigeria,03-10-96,82kg,185cm,Forward,Leicester,Leicester,Leicester,Leicester
74,Sammy Braybrooke,England,12-03-04,,,Midfielder,,,,Leicester
17,Ayoze Pérez,Spain,29-07-93,72kg,178cm,Forward,Leicester,Leicester,Newcastle,Leicester
37,Ademola Lookman,Nigeria,20-10-97,71kg,174cm,Forward,Fulham  (Loan) ,Everton,Everton,Leicester
29,Patson Daka,Zambia,09-10-98,71kg,183cm,Forward,,,,Leicester
26,Daniel Bachmann,Austria,09-07-94,81kg,191cm,Goalkeeper,Watford,Watford,Watford,Watford
77,Will Alves,England,04-02-05,,,Forward,,,,Leicester
1,Ben Foster,England,03-04-83,79kg,193cm,Goalkeeper,Watford,Watford,West Brom,Watford
41,Vincent Angelini,Scotland,12-09-03,,186cm,Goalkeeper,,,,Watford
2,Jeremy Ngakia,England,07-09-00,,,Defender,West Ham,,,Watford
35,Robert Elliot,Ireland,30-04-86,94kg,190cm,Goalkeeper,Newcastle,Newcastle,Newcastle,Watford
5,William Troost-Ekong,Nigeria,01-09-93,82kg,191cm,Defender,,,,Watford
11,Adam Masina,Morocco,02-01-94,78kg,189cm,Defender,Watford,Watford,,Watford
21,Kiko Femenía,Spain,02-02-91,61kg,176cm,Defender,Watford,Watford,Watford,Watford
15,Craig Cathcart,Northern Ireland,06-02-89,73kg,188cm,Defender,Watford,Watford,Watford,Watford
27,Christian Kabasele,Belgium,24-02-91,84kg,187cm,Defender,Watford,Watford,Watford,Watford
31,Francisco Sierralta,Chile,06-05-97,83kg,190cm,Defender,,,,Watford
3,Danny Rose,England,02-07-90,72kg,173cm,Defender,Newcastle  (Loan) ,Newcastle  (Loan) ,Spurs,Watford
13,Nicolas Nkoulou,Cameroon,27-03-90,77kg,184cm,Defender,,,,Watford
14,Hassane Kamara,Cote D’Ivoire,05-03-94,67kg,168cm,Defender,,,,Watford
22,Samir,Brazil,05-12-94,73kg,189cm,Defender,,,,Watford
42,James Morris,England,23-11-01,,,Defender,Watford,,,Watford
48,Derek Agyakwa,Netherlands,19-12-01,,,Defender,Watford,,,Watford
8,Tom Cleverley,England,12-08-89,67kg,175cm,Midfielder,Watford,Watford,Watford,Watford
16,Dan Gosling,England,01-02-90,79kg,183cm,Midfielder,Bournemouth,Bournemouth,Bournemouth,Watford
12,Ken Sema,Sweden,30-09-93,69kg,180cm,Midfielder,Watford,Watford,,Watford
23,Ignacio Pussetto,Argentina,21-12-95,74kg,180cm,Forward,Watford,,,Watford
4,Peter Etebo,Nigeria,09-11-95,70kg,172cm,Midfielder,,,,Watford
33,Juraj Kucka,Slovakia,26-02-87,86kg,186cm,Midfielder,,,,Watford
34,Kwadwo Baah,Germany,27-01-03,,,Midfielder,,,,Watford
6,Imrân Louza,Morocco,01-05-99,65kg,178cm,Midfielder,,,,Watford
52,Daniel Phillips,,,,,Midfielder,,,,Watford
19,Moussa Sissoko,France,16-08-89,83kg,187cm,Midfielder,Spurs,Spurs,Spurs,Watford
39,Edo Kayembe,DR Congo,03-06-98,77kg,183cm,Midfielder,,,,Watford
47,Shaqai Forde,England,,,,Midfielder,,,,Watford
10,João Pedro,Brazil,26-09-01,70kg,182cm,Forward,Watford,,,Watford
23,Ismaïla Sarr,Senegal,25-02-98,76kg,185cm,Forward,Watford,,,Watford
25,Emmanuel Dennis,Nigeria,15-11-97,67kg,175cm,Forward,,,,Watford
7,Joshua King,Norway,15-01-92,74kg,180cm,Forward,Everton,Everton,Bournemouth,Watford
28,Samuel Kalu,Nigeria,26-08-97,74kg,176cm,Forward,,,,Watford
1,Alisson,Brazil,02-10-92,91kg,191cm,Goalkeeper,Liverpool,Liverpool,Liverpool,Liverpool
29,Cucho Hernández,Colombia,20-04-99,73kg,176cm,Forward,,,,Watford
13,Adrián,Spain,03-01-87,80kg,190cm,Goalkeeper,Liverpool,Liverpool,West Ham,Liverpool
62,Caoimhin Kelleher,Ireland,23-11-98,74kg,178cm,Goalkeeper,Liverpool,Liverpool,Liverpool,Liverpool
22,Loris Karius,Germany,22-06-93,87kg,189cm,Goalkeeper,Liverpool,Liverpool,Liverpool,Liverpool
26,Andrew Robertson,Scotland,11-03-94,64kg,178cm,Defender,Liverpool,Liverpool,Liverpool,Liverpool
32,Joel Matip,Cameroon,08-08-91,90kg,195cm,Defender,Liverpool,Liverpool,Liverpool,Liverpool
97,Marcelo Pitaluga,Brazil,20-12-02,77kg,192cm,Goalkeeper,Liverpool,Liverpool,,Liverpool
95,Harvey Davies,England,03-09-03,,,Goalkeeper,Liverpool,Liverpool,Liverpool,Liverpool
4,Virgil van Dijk,Netherlands,08-07-91,92kg,193cm,Defender,Liverpool,Liverpool,Liverpool,Liverpool
21,Konstantinos Tsimikas,Greece,12-05-96,77kg,178cm,Defender,Liverpool,,,Liverpool
12,Joseph Gomez,England,23-05-97,77kg,188cm,Defender,Liverpool,Liverpool,Liverpool,Liverpool
5,Ibrahima Konaté,France,25-05-99,95kg,194cm,Defender,,,,Liverpool
63,Owen Beck,Wales,09-08-02,,,Defender,Liverpool,Liverpool,Liverpool,Liverpool
3,Fabinho,Brazil,23-10-93,78kg,188cm,Midfielder,Liverpool,Liverpool,Liverpool,Liverpool
46,Rhys Williams,England,03-02-01,,195cm,Defender,Liverpool,Liverpool,,Liverpool
66,Trent Alexander-Arnold,England,07-10-98,69kg,175cm,Defender,Liverpool,Liverpool,Liverpool,Liverpool
77,James Norris,England,04-04-03,,,Defender,Liverpool,Liverpool,,Liverpool
78,Jarell Quansah,England,29-01-03,,,Defender,,,,Liverpool
89,Billy Koumetio,France,14-11-02,,,Defender,Liverpool,Liverpool,Liverpool,Liverpool
6,Thiago,Spain,11-04-91,70kg,174cm,Midfielder,Liverpool,,,Liverpool
8,Naby Keïta,Guinea,10-02-95,64kg,172cm,Midfielder,Liverpool,Liverpool,Liverpool,Liverpool
14,Jordan Henderson,England,17-06-90,67kg,182cm,Midfielder,Liverpool,Liverpool,Liverpool,Liverpool
7,James Milner,England,04-01-86,70kg,175cm,Midfielder,Liverpool,Liverpool,Liverpool,Liverpool
80,Tyler Morton,England,31-10-02,,,Midfielder,Liverpool,Liverpool,Liverpool,Liverpool
84,Conor Bradley,Northern Ireland,09-07-03,,,Midfielder,Liverpool,Liverpool,Liverpool,Liverpool
45,Elijah Dixon-Bonner,England,01-01-01,,,Midfielder,Liverpool,Liverpool,,Liverpool
52,Isaac Mabaya,England,22-09-04,,,Defender,,,,Liverpool
15,Alex Oxlade-Chamberlain,England,15-08-93,70kg,180cm,Midfielder,Liverpool,Liverpool,Liverpool,Liverpool
85,James Balagizi,England,20-09-03,,,Midfielder,,,,Liverpool
17,Curtis Jones,England,30-01-01,75kg,185cm,Midfielder,Liverpool,Liverpool,Liverpool,Liverpool
67,Harvey Elliott,England,04-04-03,,170cm,Midfielder,Liverpool,Liverpool,Fulham,Liverpool
94,Melkamu Frauendorf,Germany,12-01-04,,,Forward,,,,Liverpool
9,Roberto Firmino,Brazil,02-10-91,76kg,181cm,Forward,Liverpool,Liverpool,Liverpool,Liverpool
10,Sadio Mané,Senegal,10-04-92,69kg,175cm,Forward,Liverpool,Liverpool,Liverpool,Liverpool
11,Mohamed Salah,Egypt,15-06-92,71kg,175cm,Forward,Liverpool,Liverpool,Liverpool,Liverpool
20,Diogo Jota,Portugal,04-12-96,68kg,178cm,Forward,Liverpool,Wolves,Wolves,Liverpool
27,Divock Origi,Belgium,18-04-95,75kg,185cm,Forward,Liverpool,Liverpool,Liverpool,Liverpool
18,Takumi Minamino,Japan,16-01-95,68kg,174cm,Forward,Southampton  (Loan) ,Liverpool,Liverpool,Liverpool
49,Kaide Gordon,England,05-10-04,,,Forward,Liverpool,Liverpool,Liverpool,Liverpool
86,Harvey Blair,England,14-09-03,,,Forward,,,,Liverpool
82,Max Woltman,England,20-08-03,,,Forward,,,,Liverpool
23,Luis Díaz,Colombia,13-01-97,65kg,178cm,Forward,,,,Liverpool
25,David Martin,England,22-01-86,85kg,185cm,Goalkeeper,West Ham,West Ham,Liverpool,West Ham
35,Darren Randolph,Ireland,12-05-87,98kg,188cm,Goalkeeper,West Ham,West Ham,West Ham,West Ham
1,Lukasz Fabianski,Poland,18-04-85,83kg,190cm,Goalkeeper,West Ham,West Ham,West Ham,West Ham
13,Alphonse Areola,France,27-02-93,94kg,195cm,Goalkeeper,Fulham  (Loan) ,,,West Ham
3,Aaron Cresswell,England,15-12-89,66kg,170cm,Defender,West Ham,West Ham,West Ham,West Ham
21,Angelo Ogbonna,Italy,23-05-88,86kg,191cm,Defender,West Ham,West Ham,West Ham,West Ham
5,Vladimir Coufal,Czech Republic,22-08-92,76kg,179cm,Defender,West Ham,,,West Ham
24,Ryan Fredericks,England,10-10-92,74kg,181cm,Defender,West Ham,West Ham,West Ham,West Ham
23,Issa Diop,France,09-01-97,92kg,194cm,Defender,West Ham,West Ham,West Ham,West Ham
26,Arthur Masuaku,DR Congo,07-11-93,70kg,179cm,Defender,West Ham,West Ham,West Ham,West Ham
15,Craig Dawson,England,06-05-90,82kg,188cm,Defender,West Ham  (Loan) ,Watford,West Ham  (Loan) ,West Ham
75,Jamal Baptiste,England,11-11-03,,,Defender,West Ham,West Ham,,West Ham
31,Ben Johnson,England,24-01-00,67kg,175cm,Defender,West Ham,West Ham,West Ham,West Ham
4,Kurt Zouma,France,27-10-94,96kg,190cm,Defender,Chelsea,Chelsea,Everton  (Loan) ,West Ham
42,Ajibola Alese,England,17-01-01,,,Defender,West Ham,,,West Ham
50,Harrison Ashby,Scotland,14-11-01,,,Defender,West Ham,West Ham,,West Ham
28,Tomas Soucek,Czech Republic,27-02-95,86kg,192cm,Midfielder,West Ham,West Ham  (Loan) ,,West Ham
46,Pierre Ekwah,France,15-01-02,,,Defender,,,,West Ham
10,Manuel Lanzini,Argentina,15-02-93,59kg,167cm,Midfielder,West Ham,West Ham,West Ham,West Ham
11,Nikola Vlasic,Croatia,04-10-97,72kg,178cm,Midfielder,Everton,Everton,Everton,West Ham
41,Declan Rice,England,14-01-99,76kg,185cm,Midfielder,West Ham,West Ham,West Ham,West Ham
8,Pablo Fornals,Spain,22-02-96,67kg,178cm,Midfielder,West Ham,West Ham,,West Ham
16,Mark Noble,England,08-05-87,70kg,180cm,Midfielder,West Ham,West Ham,West Ham,West Ham
33,Alex Král,Czech Republic,19-05-98,72kg,185cm,Midfielder,,,,West Ham
59,Keenan Appiah-Forson,England,16-10-01,,,Midfielder,,,,West Ham
51,Daniel Chesters,England,04-04-02,,,Midfielder,,,,West Ham
64,Sonny Perkins,England,10-02-04,,,Midfielder,,,,West Ham
7,Andriy Yarmolenko,Ukraine,23-10-89,81kg,189cm,Forward,West Ham,West Ham,West Ham,West Ham
62,Freddie Potts,England,12-09-03,,,Midfielder,,,,West Ham
22,Saïd Benrahma,Algeria,10-08-95,67kg,172cm,Forward,West Ham,West Ham  (Loan) ,,West Ham
9,Michail Antonio,Jamaica,28-03-90,82kg,180cm,Forward,West Ham,West Ham,West Ham,West Ham
20,Jarrod Bowen,England,20-12-96,70kg,175cm,Forward,West Ham,West Ham,Hull,West Ham
56,Emmanuel Longelo,England,27-12-00,,,Forward,West Ham,West Ham,,West Ham
40,Armstrong Oko-Flex,Ireland,02-03-02,,,Forward,,,,West Ham
58,Kamarai Simon-Swyer,England,04-12-02,,,Midfielder,,,,West Ham
1,Hugo Lloris,France,26-12-86,82kg,188cm,Goalkeeper,Spurs,Spurs,Spurs,Spurs
40,Brandon Austin,England,07-01-99,82kg,188cm,Goalkeeper,Spurs,Spurs,Spurs,Spurs
22,Pierluigi Gollini,Italy,18-03-95,94kg,194cm,Goalkeeper,,,,Spurs
2,Matt Doherty,Ireland,16-01-92,80kg,182cm,Defender,Spurs,Wolves,Wolves,Spurs
3,Sergio Reguilón,Spain,16-12-96,68kg,178cm,Defender,Spurs,,,Spurs
6,Davinson Sánchez,Colombia,12-06-96,81kg,187cm,Defender,Spurs,Spurs,Spurs,Spurs
14,Joe Rodon,Wales,22-10-97,70kg,180cm,Defender,Spurs,Swansea,Swansea,Spurs
15,Eric Dier,England,15-01-94,88kg,188cm,Defender,Spurs,Spurs,Spurs,Spurs
48,Maksim Paskotsi,Estonia,19-01-03,,,Defender,Spurs,Spurs,,Spurs
25,Japhet Tanganga,England,31-03-99,76kg,184cm,Defender,Spurs,Spurs,Spurs,Spurs
33,Ben Davies,Wales,24-04-93,76kg,181cm,Defender,Spurs,Spurs,Spurs,Spurs
4,Cristian Romero,Argentina,27-04-98,79kg,185cm,Defender,,,,Spurs
50,Kallum Cesay,England,04-09-02,,,Defender,Spurs,,,Spurs
46,Malachi Fagan-Walcott,England,11-03-02,,,Defender,Spurs,Spurs,Spurs,Spurs
12,Emerson Royal,Brazil,14-01-99,79kg,181cm,Defender,,,,Spurs
53,Brooklyn Lyons-Foster,England,01-12-00,,,Defender,Spurs,Spurs,,Spurs
49,Tobi Omole,England,17-12-99,,,Defender,Spurs,,,Spurs
57,Marcel Lavinier,Portugal,16-12-00,,180cm,Defender,Spurs,Spurs,,Spurs
5,Pierre-Emile Højbjerg,Denmark,05-08-95,84kg,187cm,Midfielder,Spurs,Southampton,Southampton,Spurs
8,Harry Winks,England,02-02-96,65kg,178cm,Midfielder,Spurs,Spurs,Spurs,Spurs
19,Ryan Sessegnon,England,18-05-00,70kg,178cm,Midfielder,Spurs,Spurs,Fulham,Spurs
30,Rodrigo Bentancur,Uruguay,25-06-97,72kg,187cm,Midfielder,,,,Spurs
55,Romaine Mundle,England,24-04-03,,,Midfielder,Spurs,,,Spurs
42,Harvey White,England,19-09-01,,,Midfielder,Spurs,Spurs,Spurs,Spurs
52,Michael Craig,Scotland,16-04-03,,,Midfielder,Spurs,,,Spurs
45,Alfie Devine,England,01-08-04,75kg,179cm,Midfielder,Spurs,Spurs,Spurs,Spurs
51,Matthew Craig,Scotland,16-04-03,,,Midfielder,,,,Spurs
29,Oliver Skipp,England,16-09-00,70kg,175cm,Midfielder,Spurs,Spurs,Spurs,Spurs
21,Dejan Kulusevski,Sweden,25-04-00,80kg,186cm,Midfielder,,,,Spurs
54,Jamie Bowden,Ireland,09-07-01,,,Midfielder,Spurs,Spurs,Spurs,Spurs
7,Son Heung-Min,South Korea,08-07-92,78kg,183cm,Forward,Spurs,Spurs,Spurs,Spurs
23,Steven Bergwijn,Netherlands,08-10-97,78kg,178cm,Forward,Spurs,Spurs,,Spurs
27,Lucas Moura,Brazil,13-08-92,72kg,172cm,Forward,Spurs,Spurs,Spurs,Spurs
10,Harry Kane,England,28-07-93,86kg,188cm,Forward,Spurs,Spurs,Spurs,Spurs
44,Dane Scarlett,England,24-03-04,76kg,180cm,Forward,Spurs,Spurs,Spurs,Spurs
56,J'Neil Bennett,England,07-12-01,,,Forward,Spurs,,,Spurs
